{"cameraMode":{"drawMode":0,"name":"Shaded","section":"Shading Mode"},"sceneLighting":true,"audioPlay":false,"sceneViewState":{"showFog":true,"showMaterialUpdate":false,"showSkybox":true,"showFlares":true,"showImageEffects":true,"showParticleSystems":true},"in2DMode":false,"pivot":{"x":10.277956008911133,"y":2.8658294677734377,"z":-11.063011169433594},"rotation":{"x":0.2619355022907257,"y":-0.336865097284317,"z":0.0981450229883194,"w":0.8990435004234314},"size":32.58668518066406,"orthographic":false}