{"cameraMode":{"drawMode":0,"name":"Shaded","section":"Shading Mode"},"sceneLighting":false,"audioPlay":false,"sceneViewState":{"showFog":true,"showMaterialUpdate":false,"showSkybox":true,"showFlares":true,"showImageEffects":true,"showParticleSystems":true},"in2DMode":false,"pivot":{"x":-14.89663028717041,"y":243.50856018066407,"z":392.8772277832031},"rotation":{"x":0.15172401070594788,"y":-0.09325668960809708,"z":0.014380614273250103,"w":0.9839087128639221},"size":5.821035385131836,"orthographic":false}